<?xml version="1.0" encoding="UTF-8"?>
<project-private xmlns="http://www.netbeans.org/ns/project-private/1">
    <editor-bookmarks xmlns="http://www.netbeans.org/ns/editor-bookmarks/2" lastBookmarkId="1">
        <file>
            <url>src/java/servlet/LoginServlet.java</url>
            <bookmark id="1">
                <name/>
                <line>37</line>
                <key/>
            </bookmark>
        </file>
    </editor-bookmarks>
    <open-files xmlns="http://www.netbeans.org/ns/projectui-open-files/2">
        <group>
            <file>file:/D:/NetBeans-13/WebApplication1/web/ShowRecord/UserShow.java</file>
            <file>file:/D:/NetBeans-13/WebApplication1/web/ShowRecord/QueryShow.java</file>
            <file>file:/D:/NetBeans-13/WebApplication1/web/newjsp.jsp</file>
            <file>file:/D:/NetBeans-13/WebApplication1/web/Signinpage.html</file>
            <file>file:/D:/NetBeans-13/WebApplication1/web/DeleteRecord/Userdelete.java</file>
            <file>file:/D:/NetBeans-13/WebApplication1/web/DeleteRecord/DeleteRecordFromAuthtable.java</file>
            <file>file:/D:/NetBeans-13/WebApplication1/web/AdminMain.jsp</file>
            <file>file:/D:/NetBeans-13/WebApplication1/src/java/call/the/connection/ConnectionFactory.java</file>
            <file>file:/D:/NetBeans-13/WebApplication1/web/Authtable.java</file>
            <file>file:/D:/NetBeans-13/WebApplication1/web/UpdateRecord/ComplainUpdate.java</file>
            <file>file:/D:/NetBeans-13/WebApplication1/web/ShowRecord/AuthShow.java</file>
            <file>file:/D:/NetBeans-13/WebApplication1/web/CheckAuthCode.jsp</file>
            <file>file:/D:/NetBeans-13/WebApplication1/web/Complain.java</file>
            <file>file:/D:/NetBeans-13/WebApplication1/web/ShowRecord/ComplainShow.java</file>
            <file>file:/D:/NetBeans-13/WebApplication1/web/ShowRecord/FeedbackShow.java</file>
            <file>file:/D:/NetBeans-13/WebApplication1/src/java/servlet/LoginServlet.java</file>
            <file>file:/D:/NetBeans-13/WebApplication1/web/SecurityGaurd.jsp</file>
            <file>file:/D:/NetBeans-13/WebApplication1/web/SessionDestroy.jsp</file>
            <file>file:/D:/NetBeans-13/WebApplication1/web/Producttable.java</file>
            <file>file:/D:/NetBeans-13/WebApplication1/web/CheckAdminLoginCode.jsp</file>
            <file>file:/D:/NetBeans-13/WebApplication1/web/addOrder.jsp</file>
            <file>file:/D:/NetBeans-13/WebApplication1/web/InsertAuthCode.jsp</file>
            <file>file:/D:/NetBeans-13/WebApplication1/web/AdminAfterLogin.jsp</file>
            <file>file:/D:/NetBeans-13/WebApplication1/web/ShowRecord/ProductShow.java</file>
        </group>
    </open-files>
</project-private>
